game_slug,share_code,make,model,year,car_class,pi_rating,tune_type,drivetrain,track,creator_gamertag,title,description,source_url
fh5,910665624,Mercedes-Benz,300 SL Coupé,1954,B,700,road,AWD,The Trial (Road) - Crosstown Classics,Saeenu,Seasonal Road B,"AWD, 3.2L BMW i6, Full Aero, Stock Rims. Strong AWD,01:04.298 Estadio Circuit&01:30.038 Plaza Circuit.",https://docs.google.com/spreadsheets/d/1mIJQIalcnsRUkwReVpmMlcaw17dYZtk-Xejwk_jSFJo/htmlview
fh5,848194929,Lamborghini,Miura P400,1967,B,700,road,AWD,,Saeenu,Danger Sign Road,"AWD, Stock Engine, No Aero, Stock Rims",https://docs.google.com/spreadsheets/d/1mIJQIalcnsRUkwReVpmMlcaw17dYZtk-Xejwk_jSFJo/htmlview
fh5,720729690,Lamborghini,Miura P400,1967,B,700,road,RWD,,LogikJ,Road Purist,"RWD, Stock Engine, No Aero, Stock Rims, Purist. Manual & Clutch Recommended. RWD Purist Meta,01:03.355 Estadio Circuit.",https://docs.google.com/spreadsheets/d/1mIJQIalcnsRUkwReVpmMlcaw17dYZtk-Xejwk_jSFJo/htmlview
fh5,886801060,Ferrari,250 GT Berlinetta Lusso,1962,B,700,road,RWD,,furtiveee,Purist 8.9 HMC,"RWD, Stock Engine, No Aero, Stock Rims, Purist. Manual & Clutch Recommended. RWD Purist Meta, 01:08.9xx Horizon Mexico Circuit.",https://docs.google.com/spreadsheets/d/1mIJQIalcnsRUkwReVpmMlcaw17dYZtk-Xejwk_jSFJo/htmlview
fh5,119923691,Mercedes-Benz,300 SL Coupé,1954,B,700,road,RWD,,Sa1monBark,Purist,"RWD, Stock Engine, No Aero, Stock Rims, Purist. Manual & Clutch Recommended. Very Strong RWD, mid ~01:03.xxx Estadio Circuit.",https://docs.google.com/spreadsheets/d/1mIJQIalcnsRUkwReVpmMlcaw17dYZtk-Xejwk_jSFJo/htmlview
fh5,123350765,Alfa Romeo,Giulia Sprint GTA Stradale,1965,B,700,road,RWD,,K1Z Bard,Purist,"RWD, Stock Engine, No Aero, Stock Rims, Purist. Manual & Clutch Recommended. Very Strong RWD,01:09.503 Horizon Mexico Circuit.",https://docs.google.com/spreadsheets/d/1mIJQIalcnsRUkwReVpmMlcaw17dYZtk-Xejwk_jSFJo/htmlview
fh5,402745888,Ferrari,250 California,1957,B,700,road,RWD,,EBTe Rourke,Purist CA,"RWD, Stock Engine, No Aero, Stock Rims, Purist. Manual & Clutch Recommended. Very Strong RWD.",https://docs.google.com/spreadsheets/d/1mIJQIalcnsRUkwReVpmMlcaw17dYZtk-Xejwk_jSFJo/htmlview
fh5,651451232,Mercedes-Benz,280 SL,1967,B,700,road,RWD,,Sa1monBark,Purist,"RWD, Stock Engine, No Aero, Stock Rims, Purist. Manual & Clutch Recommended. Strong RWD, low ~01:04.xxx Estadio Circuit.",https://docs.google.com/spreadsheets/d/1mIJQIalcnsRUkwReVpmMlcaw17dYZtk-Xejwk_jSFJo/htmlview
fh5,857176090,Toyota,2000GT,1969,B,700,road,RWD,,K1Z Bala,Purist,"RWD, Stock Engine, No Aero, Stock Rims, Rally Tires, Purist. Manual & Clutch Recommended. Strong RWD, low ~01:04.xxx Estadio Circuit.",https://docs.google.com/spreadsheets/d/1mIJQIalcnsRUkwReVpmMlcaw17dYZtk-Xejwk_jSFJo/htmlview
fh5,834249168,Aston Martin,DB5,1964,B,700,road,RWD,,LogikJ,Road Purist,"RWD, Stock Engine, No Aero + Removed Bumpers, Stock Rims, Purist. Manual & Clutch Recommended.",https://docs.google.com/spreadsheets/d/1mIJQIalcnsRUkwReVpmMlcaw17dYZtk-Xejwk_jSFJo/htmlview
fh5,457362669,Porsche,356 A 1600 Super,1959,B,700,road,RWD,,LogikJ,Road Purist,"RWD, Stock Engine, No Aero, Stock Rims, Purist. Manual & Clutch Recommended. Strong RWD, 01:04.3xx Estadio Circuit.",https://docs.google.com/spreadsheets/d/1mIJQIalcnsRUkwReVpmMlcaw17dYZtk-Xejwk_jSFJo/htmlview
fh5,174672106,Jaguar,E-type,1961,B,700,road,RWD,,DiogoSilva2004,Purist,"RWD, Stock Engine w/ Anti-Lag Turbo, No Aero, Stock Rims, Purist. Manual & Clutch Recommended.",https://docs.google.com/spreadsheets/d/1mIJQIalcnsRUkwReVpmMlcaw17dYZtk-Xejwk_jSFJo/htmlview
fh5,133477760,Bentley,8 Litre,1930,B,700,road,RWD,,Wilfredo OvO,高贵的二档大后,"RWD, 7.0L Lamborghini V12 w/ Anti-Lag Turbos, Full Aero, Drift Tires, Dry Only. Manual & Clutch Recommended. RWD Powerbuild.",https://docs.google.com/spreadsheets/d/1mIJQIalcnsRUkwReVpmMlcaw17dYZtk-Xejwk_jSFJo/htmlview
fh5,321069413,Mercedes-Benz,AMG CLK GTR,1998,S1,900,road,AWD,EventLab (Road) - Waterfall GP,coach lbn,Stock Look V2,"AWD, Stock Engine, Stock Aero, Rally Tires. Strong AWD,00:55.957 Horizon Mexico Circuit.",https://docs.google.com/spreadsheets/d/1mIJQIalcnsRUkwReVpmMlcaw17dYZtk-Xejwk_jSFJo/htmlview
fh5,656053009,McLaren,F1 GT,1997,S1,900,road,RWD,,EGAO no HANA,谁家牢大,"RWD, Stock Engine, No Aero, Rally Tires, Purist. Manual & Clutch Recommended. RWD Purist Meta, low ~00:49.xxx Estadio Circuit.",https://docs.google.com/spreadsheets/d/1mIJQIalcnsRUkwReVpmMlcaw17dYZtk-Xejwk_jSFJo/htmlview
fh5,134324796,BMW,i8,2015,A,800,road,AWD,Danger Sign (Road) - Los Jardines (250m/820ft),JakeGTR9,Schnitzer,"AWD, 4.0L BMW V8, AC Schnitzer Sport Bodykit (w/o hood), Vorsteiner Rims, Rally Tires. Manual & Clutch Recommended. Very Strong AWD, low ~00:57.xxx Estadio Circuit.",https://docs.google.com/spreadsheets/d/1mIJQIalcnsRUkwReVpmMlcaw17dYZtk-Xejwk_jSFJo/htmlview
fh5,121860559,BMW,M4 Competition Coupé,2021,A,800,road,AWD,,K1Z Bard,M Performance 24,"AWD, 4.0L BMW V8, BMW M Performance Bodykit, Stock Rims, Rally Tires. Strong AWD,00:49.449 Lookout Circuit.",https://docs.google.com/spreadsheets/d/1mIJQIalcnsRUkwReVpmMlcaw17dYZtk-Xejwk_jSFJo/htmlview
fh5,141541559,BMW,M3 (2008),2008,A,800,road,RWD,,JakeGTR9,Stock Exhaust,"RWD, Stock Engine, No Aero, Stock Rims, Rally Tires, Purist. Manual & Clutch Recommended. Strong RWD, low ~01:03.xxx Horizon Mexico Circuit.",https://docs.google.com/spreadsheets/d/1mIJQIalcnsRUkwReVpmMlcaw17dYZtk-Xejwk_jSFJo/htmlview
fh5,258471888,BMW,Isetta 300 Export,1957,A,800,drift,AWD,"Drift Zone (Dirt) - Panoramica (65,000 pts)",OxGRIDRUNR,AWD Drift Dirt,"AWD, 1.6L Ford Turbo Rally i4T, No Aero, Snow Tires.113.6k pts Panoramica Drift Zone.",https://docs.google.com/spreadsheets/d/1mIJQIalcnsRUkwReVpmMlcaw17dYZtk-Xejwk_jSFJo/htmlview
fh5,459845985,BMW,M5 (1988),1988,A,800,drift,AWD,,OxGRIDRUNR,AWD Drift Dirt,"AWD, 3.0L Toyota Racing 2JZ i6T w/ Anti-Lag Turbo, No Aero, Stock Rims. ~113k pts Panoramica Drift Zone.",https://docs.google.com/spreadsheets/d/1mIJQIalcnsRUkwReVpmMlcaw17dYZtk-Xejwk_jSFJo/htmlview
fh5,164107267,BMW,Isetta 300 Export,1957,A,800,drift,AWD,"Drift Zone (Road) - Las Curvas (62,000 pts)",Barry Sniff,New A AWD,"AWD, 1.6L Ford Turbo Rally i4T, No Aero, Drag Tires, Dry Only. Open Drift Meta.120.2k pts Las Curvas Drift Zone.",https://docs.google.com/spreadsheets/d/1mIJQIalcnsRUkwReVpmMlcaw17dYZtk-Xejwk_jSFJo/htmlview
fh5,941471495,BMW,M3 (1997),1997,A,800,drift,AWD,,OxGRIDRUNR,AWD Drift V2,"AWD, 4.0L BMW V8 w/ Anti-Lag Turbos, No Aero, Drag Tires, Dry Only. ~119k pts Las Curvas Drift Zone.",https://docs.google.com/spreadsheets/d/1mIJQIalcnsRUkwReVpmMlcaw17dYZtk-Xejwk_jSFJo/htmlview
fh5,203731803,BMW,M3 (1997),1997,A,800,drift,RWD,,OxGRIDRUNR,RWD Drift,"RWD, 3.0L Toyota Racing 2JZ i6T w/ Anti-Lag Turbo, Stock Wing Removed, Snow Tires. Tune created by Merthn07.",https://docs.google.com/spreadsheets/d/1mIJQIalcnsRUkwReVpmMlcaw17dYZtk-Xejwk_jSFJo/htmlview
fh5,173591535,BMW,M3 (1997),1997,A,800,drift,RWD,,OxGRIDRUNR,Easy RWD Drift,"RWD, Stock Engine, Rear Wing Removed, Snow Tires, Purist",https://docs.google.com/spreadsheets/d/1mIJQIalcnsRUkwReVpmMlcaw17dYZtk-Xejwk_jSFJo/htmlview
fh5,645716858,Porsche,914/6,1970,A,800,dirt,AWD,"Dirt - Pop Up, Up And Down",AMS Carver,Dirt Shift 5.3K,"AWD, 2.0L Subaru Turbo Rally F4, Full Aero, Offroad Race Tires. Shift @ 5.3K RPM. Very Strong Dirt/Near Meta,01:04.315 Teotihucan Scramble.",https://docs.google.com/spreadsheets/d/1mIJQIalcnsRUkwReVpmMlcaw17dYZtk-Xejwk_jSFJo/htmlview
fh5,104309201,Lancia,Stratos HF Stradale,1974,A,800,dirt,AWD,,LogikJ,A Dirt No Aero,"AWD, 3.5L Ferrari V8, Widebody Kit, No Aero, Stock Rims, Offroad Race Tires. Manual & Clutch Recommended. Strong Dirt,01:04.966 Teotihuacan Scramble.",https://docs.google.com/spreadsheets/d/1mIJQIalcnsRUkwReVpmMlcaw17dYZtk-Xejwk_jSFJo/htmlview
fh5,434929833,Honda,NSX-R (1992),1992,A,800,dirt,AWD,,LogikJ,A Dirt No Aero,"AWD, Stock Engine, No Aero, Stock Rims, Offroad Race Tires. Good Dirt,01:05.768 Teotihuacan Scramble & 01:10.807 River Scramble.",https://docs.google.com/spreadsheets/d/1mIJQIalcnsRUkwReVpmMlcaw17dYZtk-Xejwk_jSFJo/htmlview
fh5,100766498,Lamborghini,Miura P400,1967,A,800,dirt,AWD,,LogikJ,A Dirt No Aero,"AWD, Stock Engine, No Aero, Offroad Race Tires. Good Dirt,01:05.954 Teotihuacan Scramble & 01:11.197 River Scramble.",https://docs.google.com/spreadsheets/d/1mIJQIalcnsRUkwReVpmMlcaw17dYZtk-Xejwk_jSFJo/htmlview
fh5,383698749,Lotus,Esprit V8,2002,A,800,dirt,AWD,,BakeMyCupcake,A - Dirt V1 Aero,"AWD, Stock Engine, Full Aero, Stock Rims, Offroad Race Tires",https://docs.google.com/spreadsheets/d/1mIJQIalcnsRUkwReVpmMlcaw17dYZtk-Xejwk_jSFJo/htmlview
fh5,162590094,Chevrolet,Corvette ZR-1 (1970),1970,A,800,dirt,AWD,,KapienPL,A Dirt,"AWD, 8.4L Dodge V10, Full Aero, Stock Rims, Offroad Race Tires",https://docs.google.com/spreadsheets/d/1mIJQIalcnsRUkwReVpmMlcaw17dYZtk-Xejwk_jSFJo/htmlview
fh5,705429713,Honda,Civic RS,1974,C,600,road,AWD,Street - Night Riders,Saeenu,2:26.4 TunnelRun,"AWD, 1.6L Honda VTEC i4, Widebody Kit, Full Aero. AWD Meta,01:09.011 Estadio Circuit (Top #17) & 02:26.433 Tunnel Run (Top #7).",https://docs.google.com/spreadsheets/d/1mIJQIalcnsRUkwReVpmMlcaw17dYZtk-Xejwk_jSFJo/htmlview
fh5,119591654,Honda,Civic Type R (1997),1997,C,600,road,FWD,,LogikJ,C Road Grip,"FWD, Stock Engine, No Aero, Stock Rims, Purist. Manual & Clutch Recommended. Very Strong FWD Grip.",https://docs.google.com/spreadsheets/d/1mIJQIalcnsRUkwReVpmMlcaw17dYZtk-Xejwk_jSFJo/htmlview
fh5,101715437,Honda,Civic Type R (2004),2004,C,600,road,FWD,,LogikJ,Seasonal Road,"FWD, Stock Engine, No Aero, Purist. Manual & Clutch Recommended. Strong FWD Grip.",https://docs.google.com/spreadsheets/d/1mIJQIalcnsRUkwReVpmMlcaw17dYZtk-Xejwk_jSFJo/htmlview
fh5,443275647,Honda,CR-X SiR,1991,C,600,road,FWD,,Doubiez 4L,Lookout V2,"FWD, Stock Engine, Full Aero, Rally Tires. Manual & Clutch Recommended. FWD Handling Meta,00:57.473 Lookout Circuit (Top #2).",https://docs.google.com/spreadsheets/d/1mIJQIalcnsRUkwReVpmMlcaw17dYZtk-Xejwk_jSFJo/htmlview
fh5,178440305,Volkswagen,Corrado VR6,1995,C,600,road,FWD,,LogikJ,Seasonal Circuit,"FWD, Stock Engine, Full Aero, Stock Rims. Manual & Clutch Recommended.",https://docs.google.com/spreadsheets/d/1mIJQIalcnsRUkwReVpmMlcaw17dYZtk-Xejwk_jSFJo/htmlview
fh5,157572617,BMW,M1,1981,A,800,dirt,AWD,Weekly Forzathon - Future Of Mid,LogikJ,A Dirt 4L V8,"AWD, 4.0L BMW V8, No Aero, Stock Rims, Offroad Race Tires",https://docs.google.com/spreadsheets/d/1mIJQIalcnsRUkwReVpmMlcaw17dYZtk-Xejwk_jSFJo/htmlview
fh5,140270400,BMW,M1,1981,A,800,road,RWD,,LogikJ,Road Purist Upd,"RWD, Stock Engine, No Aero, Stock Rims, Rally Tires, Purist. Manual & Clutch Recommended. Very Strong RWD,00:57.292 Estadio Circuit.323.03m Los Jardines Danger Sign.",https://docs.google.com/spreadsheets/d/1mIJQIalcnsRUkwReVpmMlcaw17dYZtk-Xejwk_jSFJo/htmlview
fh5,230160663,BMW,M1,1981,B,700,road,RWD,,LogikJ,Road Purist Grip,"RWD, Stock Engine, No Aero, Stock Rims, Purist. Manual & Clutch Recommended. Strong RWD Grip,01:03.993 Estadio Circuit.",https://docs.google.com/spreadsheets/d/1mIJQIalcnsRUkwReVpmMlcaw17dYZtk-Xejwk_jSFJo/htmlview
fh5,111717616,Ford,Falcon XA GT-HO,1972,A,800,dirt,AWD,Earn a Crash Landing Skill,LogikJ,A Dirt +Aero,"AWD, 6.2L Chevrolet LS3 V8, Full Aero, Stock Rims, Offroad Race Tires",https://docs.google.com/spreadsheets/d/1mIJQIalcnsRUkwReVpmMlcaw17dYZtk-Xejwk_jSFJo/htmlview
fh5,164457073,Dodge,Charger R/T,1969,A,800,road,AWD,Win a Street Race,Saeenu,Seasonal Road A,"AWD, 8.4L Dodge V10, Full Aero, Stock Rims, Rally Tires. Strong AWD,00:57.664 Estadio Circuit.",https://docs.google.com/spreadsheets/d/1mIJQIalcnsRUkwReVpmMlcaw17dYZtk-Xejwk_jSFJo/htmlview
fh5,542901246,Dodge,Charger R/T,1969,B,700,road,RWD,,K1Z Bala,Purist Stock Exh,"RWD, Stock Engine, No Aero, Stock Rims, Purist. Manual & Clutch Recommended. RWD Purist Meta,01:09.234 Horizon Mexico Circuit.",https://docs.google.com/spreadsheets/d/1mIJQIalcnsRUkwReVpmMlcaw17dYZtk-Xejwk_jSFJo/htmlview
fh5,852765339,MINI,Cooper S,1965,B,700,dirt,AWD,Speed Zone (Dirt) - Tres Colinas (88mph/142kmh),LogikJ,B Dirt AWD,"AWD, 2.0L Honda VTEC i4, Widebody Kit, Full Aero, Stock Rims",https://docs.google.com/spreadsheets/d/1mIJQIalcnsRUkwReVpmMlcaw17dYZtk-Xejwk_jSFJo/htmlview
fh5,134888717,Ford,Escort RS1800,1977,B,700,dirt,AWD,,Saeenu,Seasonal Dirt PR,"AWD, 3.2L BMW i6, Rear Aero, Stock Rims, Offroad Race Tires",https://docs.google.com/spreadsheets/d/1mIJQIalcnsRUkwReVpmMlcaw17dYZtk-Xejwk_jSFJo/htmlview
fh5,172912535,Ford,GT70,1970,B,700,dirt,AWD,,LogikJ,AWD Dirt Sznonal,"AWD, Stock Engine, No Aero, Stock Rims, Offroad Race Tires",https://docs.google.com/spreadsheets/d/1mIJQIalcnsRUkwReVpmMlcaw17dYZtk-Xejwk_jSFJo/htmlview
fh5,102979529,Volvo,242 Turbo Evolution,1983,B,700,dirt,AWD,,SlowBakedPanda,264 1.5 Rally V1,"AWD, 3.2L BMW i6, Rear Aero + Front Bullbar & Lights, Stock Rims, Offroad Race Tires",https://docs.google.com/spreadsheets/d/1mIJQIalcnsRUkwReVpmMlcaw17dYZtk-Xejwk_jSFJo/htmlview
fh5,832582227,Abarth,Fiat 131,1980,B,700,dirt,AWD,Horizon Raptors (Dirt) - Easy G-Teasy,TheDannny,Abarth Rally V2,"AWD, 3.2L BMW i6, No Aero, Offroad Race Tires",https://docs.google.com/spreadsheets/d/1mIJQIalcnsRUkwReVpmMlcaw17dYZtk-Xejwk_jSFJo/htmlview
fh5,268861759,Alpine,A110 1600s,1973,B,700,dirt,RWD,,K1Z Bala,Purist Dirt,"RWD, Stock Engine, No Aero, Stock Rims, Offroad Race Tires, Purist. Manual & Clutch Recommended. Very Strong RWD Dirt,01:11.972 Teotihuacan Scramble.98.21mph Tres Colinas Speed Zone.",https://docs.google.com/spreadsheets/d/1mIJQIalcnsRUkwReVpmMlcaw17dYZtk-Xejwk_jSFJo/htmlview
fh5,143283427,Lancia,Stratos HF Stradale,1974,B,700,dirt,RWD,,NoObStEr9919,Gr.4 Grip V1.1,"RWD, Stock Engine, No Aero, Stock Rims, Offroad Race Tires, Purist. Manual & Clutch Recommended. Strong RWD Dirt,01:14.527 San Juan Scramble.",https://docs.google.com/spreadsheets/d/1mIJQIalcnsRUkwReVpmMlcaw17dYZtk-Xejwk_jSFJo/htmlview
fh5,709536007,Volvo,242 Turbo Evolution,1983,B,700,dirt,RWD,,ESV Barcode,B-Class NA Dirt,"RWD, Stock Engine, Rally Fog Lights, Stock Rims, Offroad Race Tires, Purist. Manual & Clutch Recommended.",https://docs.google.com/spreadsheets/d/1mIJQIalcnsRUkwReVpmMlcaw17dYZtk-Xejwk_jSFJo/htmlview
fh5,107021429,Renault,8 Gordini,1967,B,700,dirt,RWD,,K1Z Suimin,Rally Purist,"RWD, Stock Engine, No Aero, Stock Rims, Offroad Race Tires, Purist. Manual & Clutch Recommended.",https://docs.google.com/spreadsheets/d/1mIJQIalcnsRUkwReVpmMlcaw17dYZtk-Xejwk_jSFJo/htmlview
fh5,128842083,Lancia,Fulvia Coupé Rallye 1.6 HF,1968,B,700,dirt,FWD,,KcnaXii,Purist Dirt,"FWD, Stock Engine, No Aero, Stock Rims, Offroad Race Tires, Purist. Manual & Clutch Recommended. Good FWD Dirt,01:12.472 Teotihuacan Scramble.",https://docs.google.com/spreadsheets/d/1mIJQIalcnsRUkwReVpmMlcaw17dYZtk-Xejwk_jSFJo/htmlview
fh5,123605737,BMW,M3 (1991),1991,B,700,drift,RWD,"Drift Zone (Road) - Ice Cauldron (150,000 pts)",OxGRIDRUNR,RWD Drift,"RWD, 3.0L Toyota Racing 2JZ i6T w/ Anti-Lag Turbo, No Aero.225.8k pts Ice Cauldron Drift Zone.",https://docs.google.com/spreadsheets/d/1mIJQIalcnsRUkwReVpmMlcaw17dYZtk-Xejwk_jSFJo/htmlview
fh5,663896618,BMW,M3 (1991),1991,B,700,drift,AWD,,OxGRIDRUNR,AWD Drift,"AWD, 3.2L BMW i6, No Aero",https://docs.google.com/spreadsheets/d/1mIJQIalcnsRUkwReVpmMlcaw17dYZtk-Xejwk_jSFJo/htmlview
fh5,730242258,Alfa Romeo,155 Q4,1992,B,700,cross_country,AWD,Hazard (Cross Country) - Hammering The Gas,LogikJ,B Dirt Purist,"AWD, Stock Engine, No Aero, Stock Rims, Offroad Race Tires, Purist. Manual & Clutch Recommended. Strong Dirt.",https://docs.google.com/spreadsheets/d/1mIJQIalcnsRUkwReVpmMlcaw17dYZtk-Xejwk_jSFJo/htmlview
fh5,938326226,Audi,RS 4 Avant (2001),2001,B,700,cross_country,AWD,,LogikJ,B Dirt Purist,"AWD, Stock Engine, No Aero, Stock Rims, Offroad Race Tires, Purist. Manual & Clutch Recommended.",https://docs.google.com/spreadsheets/d/1mIJQIalcnsRUkwReVpmMlcaw17dYZtk-Xejwk_jSFJo/htmlview
fh5,108697395,Audi,RS 2 Avant,1995,B,700,cross_country,AWD,,LogikJ,B Dirt Purist,"AWD, Stock Engine, No Aero, Stock Rims, Offroad Race Tires, Purist. Manual & Clutch Recommended.",https://docs.google.com/spreadsheets/d/1mIJQIalcnsRUkwReVpmMlcaw17dYZtk-Xejwk_jSFJo/htmlview
fh5,103836902,Volvo,850 R,1997,B,700,cross_country,AWD,,LogikJ,AWD Dirt,"AWD, Stock Engine w/ Anti-Lag Turbo, No Aero, Stock Rims, Offroad Race Tires. Good Dirt,01:12.922 Teotihuacan Scramble.",https://docs.google.com/spreadsheets/d/1mIJQIalcnsRUkwReVpmMlcaw17dYZtk-Xejwk_jSFJo/htmlview
fh5,427676861,Ford,Sierra Cosworth RS500,1987,B,700,cross_country,AWD,,LogikJ,PGG Seasonal,"AWD, Stock Engine, No Aero, Stock Rims, Offroad Race Tires",https://docs.google.com/spreadsheets/d/1mIJQIalcnsRUkwReVpmMlcaw17dYZtk-Xejwk_jSFJo/htmlview
fh5,151438988,Volkswagen,Santana,2012,B,700,cross_country,FWD,,NoObSter9919,Foreign VW,"FWD, Stock Engine, No Aero, Stock Rims, Offroad Race Tires, Purist. Manual & Clutch Recommended",https://docs.google.com/spreadsheets/d/1mIJQIalcnsRUkwReVpmMlcaw17dYZtk-Xejwk_jSFJo/htmlview
fh5,140784102,Volkswagen,Santana,2012,B,700,cross_country,FWD,,Mustuff124,B Rally,"FWD, 2.0L Honda VTEC i4, No Aero Aero, Stock Rims, Offroad Race Tires. Manual & Clutch Recommended. Strong FWD Dirt.",https://docs.google.com/spreadsheets/d/1mIJQIalcnsRUkwReVpmMlcaw17dYZtk-Xejwk_jSFJo/htmlview
fh5,689300903,Citroën,BX 4TC,1986,A,800,road,AWD,Seasonal Reward Car,JakeGTR9,Rotiform Drip,"AWD, Stock Engine w/ Anti-Lag Turbo, Full Aero, Rally Tires. Manual & Clutch Recommended. Good AWD,00:49.967 Lookout Circuit. Feels nice & easy to drive.",https://docs.google.com/spreadsheets/d/1mIJQIalcnsRUkwReVpmMlcaw17dYZtk-Xejwk_jSFJo/htmlview
fh5,111916716,Citroën,BX 4TC,1986,A,800,road,AWD,S34 Spring (Week 4),LogikJ,Road Purist,"AWD, Stock Engine w/ Anti-Lag Turbo, No Aero, Stock Rims, Rally Tires, Purist. Manual & Clutch Recommended. Feels decent-ish to drive.",https://docs.google.com/spreadsheets/d/1mIJQIalcnsRUkwReVpmMlcaw17dYZtk-Xejwk_jSFJo/htmlview
fh5,246224079,Citroën,BX 4TC,1986,A,800,road,RWD,,Fenrir3268,Skull,"RWD, 3.0L Toyota Racing 2JZ i6T w/ Anti-Lag Turbo, Full Aero, Drift Tires, Dry Only. RWD Powerbuild. Challenging to drive.",https://docs.google.com/spreadsheets/d/1mIJQIalcnsRUkwReVpmMlcaw17dYZtk-Xejwk_jSFJo/htmlview
fh5,426398216,Citroën,BX 4TC,1986,B,700,road,AWD,,LogikJ,Road Purist,"AWD, Stock Engine, No Aero, Stock Rims, Purist. Manual & Clutch Recommended. Good AWD,01:04.450 Estadio Circuit. Feels nice & fairly easy to drive.",https://docs.google.com/spreadsheets/d/1mIJQIalcnsRUkwReVpmMlcaw17dYZtk-Xejwk_jSFJo/htmlview
fh5,164148150,Citroën,BX 4TC,1986,A,800,dirt,AWD,,KapienPL,>>>> Logiks Tune,"AWD, Stock Engine w/ Anti-Lag Turbo, No Aero, Stock Rims, Offroad Race Tires, Purist. Manual & Clutch Recommended. Good Dirt,01:05.557 Teotihuacan Scramble. Feels nice & fairly easy to drive.",https://docs.google.com/spreadsheets/d/1mIJQIalcnsRUkwReVpmMlcaw17dYZtk-Xejwk_jSFJo/htmlview
fh5,107461537,Citroën,BX 4TC,1986,A,800,dirt,AWD,,K1Z Jumpy,A Dirt,"AWD, Stock Engine w/ Anti-Lag Turbo, Full Aero, Stock Rims, Offroad Race Tires. Manual & Clutch Recommended. Good Dirt,01:10.420 River Scramble. Feels nice & fairly easy to drive.",https://docs.google.com/spreadsheets/d/1mIJQIalcnsRUkwReVpmMlcaw17dYZtk-Xejwk_jSFJo/htmlview
fh5,562970110,Citroën,BX 4TC,1986,A,800,cross_country,AWD,,TucPeDo,CC V1.1,"AWD, 3.0L Toyota Racing 2JZ i6T, No Aero (Stock Wing Removed), Offroad Race Tires. Manual & Clutch Recommended. Good CC (Power). Feels fairly nice & fun to drive.",https://docs.google.com/spreadsheets/d/1mIJQIalcnsRUkwReVpmMlcaw17dYZtk-Xejwk_jSFJo/htmlview
fh5,821002646,Citroën,BX 4TC,1986,B,700,dirt,AWD,,LogikJ,B Dirt Purist,"AWD, Stock Engine, No Aero, Stock Rims, Offroad Race Tires, Purist. Manual & Clutch Recommended. Good Dirt. Feels nice & easy to drive.",https://docs.google.com/spreadsheets/d/1mIJQIalcnsRUkwReVpmMlcaw17dYZtk-Xejwk_jSFJo/htmlview
fh5,132001831,Lotus,Esprit Turbo,1980,B,700,road,RWD,Seasonal Reward Car,LogikJ,B Road i6,"RWD, 3.2L BMW i6, No Aero, Stock Rims. Manual & Clutch Recommended. Strong RWD, 01:03.8xx Estadio Circuit. Feels nice & easy to drive.",https://docs.google.com/spreadsheets/d/1mIJQIalcnsRUkwReVpmMlcaw17dYZtk-Xejwk_jSFJo/htmlview
fh5,972812698,Lotus,Esprit Turbo,1980,B,700,road,AWD,S34 Winter (Week 3),SlowBakedPanda,290 No Aero V3,"AWD, 3.2L BMW i6, No Aero, Stock Rims. Feels fairly nice & easy to drive.",https://docs.google.com/spreadsheets/d/1mIJQIalcnsRUkwReVpmMlcaw17dYZtk-Xejwk_jSFJo/htmlview
fh5,857301862,Lotus,Esprit Turbo,1980,B,700,road,RWD,,K1Z Bard,Purist,"RWD, Stock Engine w/ Anti-Lag Turbo, No Aero, Stock Rims, Purist. Manual & Clutch Recommended. Feels nice & easy to drive.",https://docs.google.com/spreadsheets/d/1mIJQIalcnsRUkwReVpmMlcaw17dYZtk-Xejwk_jSFJo/htmlview
fh5,383614609,Lotus,Esprit Turbo,1980,A,800,road,RWD,,JakeGTR9,35 Accel,"RWD, 3.2L BMW i6, Full Aero, Stock Rims. Manual & Clutch Recommended. Strong RWD,00:49.750 Lookout Circuit & 01:03.881 Tierra Prospera Circuit. Feels nice & fairly easy to drive.",https://docs.google.com/spreadsheets/d/1mIJQIalcnsRUkwReVpmMlcaw17dYZtk-Xejwk_jSFJo/htmlview
fh5,107683362,Lotus,Esprit Turbo,1980,A,800,road,RWD,,CybrexzzZ,HMC 03.2,"RWD, 3.2L BMW i6 w/ Anti-Lag Turbo, No Aero, Race Slicks, Dry Only. Manual & Clutch Recommended. Strong RWD, 01:03.2xx Horizon Mexico Circuit. Feels nice & fairly easy to drive.",https://docs.google.com/spreadsheets/d/1mIJQIalcnsRUkwReVpmMlcaw17dYZtk-Xejwk_jSFJo/htmlview
fh5,164166872,Lotus,Esprit Turbo,1980,A,800,road,AWD,,Mustuff124,A Road,"AWD, 3.2L BMW i6, Full Aero, Stock Rims. Feels nice & easy to drive.",https://docs.google.com/spreadsheets/d/1mIJQIalcnsRUkwReVpmMlcaw17dYZtk-Xejwk_jSFJo/htmlview
fh5,118602807,Lotus,Esprit Turbo,1980,A,800,dirt,AWD,,LogikJ,A Dirt No Aero,"AWD, 3.2L BMW i6 w/ Anti-Lag Turbo, No Aero, Stock Rims, Offroad Race Tires. Good Dirt,01:05.575 Teotihuacan Scramble & 01:10.062 River Scramble. Feels nice & fairly easy to drive.",https://docs.google.com/spreadsheets/d/1mIJQIalcnsRUkwReVpmMlcaw17dYZtk-Xejwk_jSFJo/htmlview
fh5,854007008,Lotus,Esprit Turbo,1980,A,800,dirt,AWD,,PTW Subzero,Less Grip,"AWD, 5.2L Ford V8, Full Aero, Offroad Race Tires. Good Dirt,01:10.190 River Scramble. Feels nice & fairly easy to drive.",https://docs.google.com/spreadsheets/d/1mIJQIalcnsRUkwReVpmMlcaw17dYZtk-Xejwk_jSFJo/htmlview
fh5,105886665,Lotus,Esprit Turbo,1980,B,700,dirt,AWD,,LogikJ,B Dirt No Aero,"AWD, 3.2L BMW i6, No Aero, Stock Rims, Offroad Race Tires. Feels nice & easy to drive.",https://docs.google.com/spreadsheets/d/1mIJQIalcnsRUkwReVpmMlcaw17dYZtk-Xejwk_jSFJo/htmlview
fh5,894255336,BMW,M635 CSi,1986,B,700,road,RWD,Seasonal Reward Car,furtiveee,Purist 9.595 HMC,"RWD, Stock Engine, No Aero, Stock Rims, Purist. Manual & Clutch Recommended. Very Strong RWD, 01:09.595 Horizon Mexico Circuit. Feels nice & fairly easy to drive.",https://docs.google.com/spreadsheets/d/1mIJQIalcnsRUkwReVpmMlcaw17dYZtk-Xejwk_jSFJo/htmlview
fh5,168599004,BMW,M635 CSi,1986,B,700,road,RWD,S34 Autumn (Week 2),TheDannny,Pretty Gooz,"RWD, 3.2L BMW i6, No Aero. Manual & Clutch Recommended. Very Strong RWD. Feels nice & easy to drive.",https://docs.google.com/spreadsheets/d/1mIJQIalcnsRUkwReVpmMlcaw17dYZtk-Xejwk_jSFJo/htmlview
fh5,908191684,BMW,M635 CSi,1986,A,800,road,RWD,,JakeGTR9,i6 No Aero,"RWD, 3.2L BMW i6, No Aero, Stock Rims, Rally Tires. Manual & Clutch Recommended. Feels fairly nice and fun to drive.",https://docs.google.com/spreadsheets/d/1mIJQIalcnsRUkwReVpmMlcaw17dYZtk-Xejwk_jSFJo/htmlview
fh5,644163838,BMW,M635 CSi,1986,A,800,road,RWD,,PTW Cirno,Estadio 56.2,"RWD, 3.0L Toyota Racing 2JZ i6T w/ Anti-Lag Turbo, Full Aero, Drift Tires, Dry Only. Manual & Clutch Recommended. Strong RWD Powerbuild,00:56.282 Estadio Circuit. Feels decent but somewhat challenging to drive.",https://docs.google.com/spreadsheets/d/1mIJQIalcnsRUkwReVpmMlcaw17dYZtk-Xejwk_jSFJo/htmlview
fh5,152122917,BMW,M635 CSi,1986,A,800,road,RWD,,Noa Miyako,Purist,"RWD, Stock Engine, No Aero, Stock Rims, Purist. Manual & Clutch Recommended. Feels nice & easy to drive.",https://docs.google.com/spreadsheets/d/1mIJQIalcnsRUkwReVpmMlcaw17dYZtk-Xejwk_jSFJo/htmlview
fh5,653858077,BMW,M635 CSi,1986,A,800,dirt,AWD,,PTW Subzero,S65 No Aero V2,"AWD, 4.0L BMW V8, No Aero, Stock Rims, Offroad Race Tires. Good Dirt,01:10.945 River Scramble. Feels nice & easy to drive.",https://docs.google.com/spreadsheets/d/1mIJQIalcnsRUkwReVpmMlcaw17dYZtk-Xejwk_jSFJo/htmlview
fh5,181035400,BMW,M635 CSi,1986,A,800,dirt,AWD,,KapienPL,Chill Dirt,"AWD, 4.0L BMW V8 w/ Anti-Lag Turbos, No Aero, Stock Rims, Offroad Race Tires. Good Dirt,01:05.315 Teotihuacan Scramble. Feels fairly nice & easy to drive.",https://docs.google.com/spreadsheets/d/1mIJQIalcnsRUkwReVpmMlcaw17dYZtk-Xejwk_jSFJo/htmlview
fh5,174853660,Hyundai,N Vision 74,2022,A,800,road,AWD,Seasonal Reward Car,JakeGTR9,Smaaash,"AWD, Stock Aero, Rally Tires. Good AWD, similar laptime to below ↓. For circuits/short sprints. Better launch but lower top speed than below tune ↓. Use e-brake launch for better launch. Feels fairly nice & easy to drive.",https://docs.google.com/spreadsheets/d/1mIJQIalcnsRUkwReVpmMlcaw17dYZtk-Xejwk_jSFJo/htmlview
fh5,272380664,Hyundai,N Vision 74,2022,A,800,road,AWD,S34 Summer (Week 1),LogikJ,A Road AWD,"AWD, Stock Aero, Rally Tires. Good AWD,00:57.943 Estadio Circuit. Worse launch but higher top speed than above tune ↑. Feels fairly nice & easy to drive.",https://docs.google.com/spreadsheets/d/1mIJQIalcnsRUkwReVpmMlcaw17dYZtk-Xejwk_jSFJo/htmlview
fh5,130287363,Hyundai,N Vision 74,2022,A,800,road,AWD,,Sa1monBark,A Road,"AWD, Stock Aero, Stock Rims, Rally Tires. Good AWD, similar laptime to above ↑. Worse launch but higher top speed than JakeGTR9's tune ↑. Use e-brake launch for better launch. Feels fairly nice & easy to drive.",https://docs.google.com/spreadsheets/d/1mIJQIalcnsRUkwReVpmMlcaw17dYZtk-Xejwk_jSFJo/htmlview
fh5,129769863,Hyundai,N Vision 74,2022,A,800,road,RWD,,GreetedDust8,Shudder Shades,"RWD, Stock Aero, Drift Tires, Dry Only, Purist. Low top speed, for circuits only!. Feels decent to drive.",https://docs.google.com/spreadsheets/d/1mIJQIalcnsRUkwReVpmMlcaw17dYZtk-Xejwk_jSFJo/htmlview
fh5,111140993,Hyundai,N Vision 74,2022,A,800,dirt,AWD,,romik092,Dirt V1,"AWD, Stock Aero, Offroad Race Tires. Good Dirt, similar laptime to below ↓. Poor launch. Use e-brake launch for better launch. Feels fairly nice & easy to drive.",https://docs.google.com/spreadsheets/d/1mIJQIalcnsRUkwReVpmMlcaw17dYZtk-Xejwk_jSFJo/htmlview
fh5,868303971,Hyundai,N Vision 74,2022,A,800,dirt,AWD,,LogikJ,A Dirt AWD,"AWD, Stock Aero, Stock Rims, Offroad Race Tires. Good Dirt,01:05.859 Teotihuacan Scramble. Poor launch. Use e-brake launch for better launch. Feels fairly nice & fairly easy to drive.",https://docs.google.com/spreadsheets/d/1mIJQIalcnsRUkwReVpmMlcaw17dYZtk-Xejwk_jSFJo/htmlview
fh5,134777048,Hyundai,N Vision 74,2022,S1,900,road,AWD,,Sa1monBark,S1 Road,"AWD, Stock Aero, Stock Rims, Race Slicks, Dry Only. Poor launch & somewhat poor handling. Use e-brake launch for better launch. Feels decent & fairly easy to drive.",https://docs.google.com/spreadsheets/d/1mIJQIalcnsRUkwReVpmMlcaw17dYZtk-Xejwk_jSFJo/htmlview
fh5,153170781,Lamborghini,Countach LPI 800-4,2021,S1,900,road,AWD,Seasonal Reward Car,Sa1monBark,S1 Road,"AWD, 4.7L Ferrari Racing V12, Full Aero, Rally Tires. Good AWD. Feels nice & easy to drive.",https://docs.google.com/spreadsheets/d/1mIJQIalcnsRUkwReVpmMlcaw17dYZtk-Xejwk_jSFJo/htmlview
fh5,133048271,Lamborghini,Countach LPI 800-4,2021,S1,900,road,AWD,S34 Summer (Week 1),K1Z Bard,S1 Road,"AWD, 4.7L Ferrari Racing V12, Full Aero. Good AWD. More handling/less power than above tune ↑. Feels nice & easy to drive.",https://docs.google.com/spreadsheets/d/1mIJQIalcnsRUkwReVpmMlcaw17dYZtk-Xejwk_jSFJo/htmlview
fh5,128649910,Lamborghini,Countach LPI 800-4,2021,S1,900,road,AWD,,K1Z Jumpy,Purist,"AWD, Stock Engine, No Aero, Stock Rims, Purist.00:40.691 Bahia De Plano Circuit. Feels nice & fairly easy to drive.",https://docs.google.com/spreadsheets/d/1mIJQIalcnsRUkwReVpmMlcaw17dYZtk-Xejwk_jSFJo/htmlview
fh5,170415411,Lamborghini,Countach LPI 800-4,2021,S1,900,dirt,AWD,,PTW Subzero,Dirt V1,"AWD, 4.7L Ferrari Racing V12, Full Aero, Offroad Race Tires. Good Dirt,01:05.081 River Scramble. Feels nice & fairly easy to drive.",https://docs.google.com/spreadsheets/d/1mIJQIalcnsRUkwReVpmMlcaw17dYZtk-Xejwk_jSFJo/htmlview
fh5,154142416,Lamborghini,Countach LPI 800-4,2021,S1,900,dirt,AWD,,KapienPL,S1 Dirt Coontash,"AWD, 4.7L Ferrari Racing V12, Full Aero, Stock Rims, Offroad Race Tires. Good Dirt,01:00.368 Teotihuacan Scramble. Feels fairly nice & fairly easy to drive.",https://docs.google.com/spreadsheets/d/1mIJQIalcnsRUkwReVpmMlcaw17dYZtk-Xejwk_jSFJo/htmlview
fh5,950226532,Lamborghini,Countach LPI 800-4,2021,S1,900,dirt,AWD,,Fenrir3268,Purist Dirt,"AWD, Stock Engine w/ Anti-Lag Turbos, No Aero, Offroad Race Tires, Purist. Feels decent & fairly easy to drive.",https://docs.google.com/spreadsheets/d/1mIJQIalcnsRUkwReVpmMlcaw17dYZtk-Xejwk_jSFJo/htmlview
fh5,464495483,Renault,Clio Williams,1993,B,700,road,AWD,,Saeenu,Trial Road Grip,"AWD, Stock Engine, No Aero, Stock Rims, Rally Tires. Strong AWD Grip. Feels nice & easy to drive.",https://docs.google.com/spreadsheets/d/1mIJQIalcnsRUkwReVpmMlcaw17dYZtk-Xejwk_jSFJo/htmlview
fh5,102563583,Volkswagen,Beetle,1963,B,700,road,AWD,,Saeenu,Seasonal Road V2,"AWD, 2.0L Honda VTEC i4, No Aero, Stock Rims. Strong AWD. Feels fairly nice & easy to drive.",https://docs.google.com/spreadsheets/d/1mIJQIalcnsRUkwReVpmMlcaw17dYZtk-Xejwk_jSFJo/htmlview
fh5,123639166,BMW,M5 (1988),1988,B,700,road,AWD,,Saeenu,Seasonal Road B,"AWD, 3.2L BMW i6, No Aero, Stock Rims. Good AWD. Feels nice & easy to drive.",https://docs.google.com/spreadsheets/d/1mIJQIalcnsRUkwReVpmMlcaw17dYZtk-Xejwk_jSFJo/htmlview
fh5,100250629,BMW,M3 (1991),1991,B,700,road,AWD,,Saeenu,Seasonal Road B,"AWD, Stock Engine, No Aero, Stock Rims. Good AWD. Feels nice & easy to drive.",https://docs.google.com/spreadsheets/d/1mIJQIalcnsRUkwReVpmMlcaw17dYZtk-Xejwk_jSFJo/htmlview
fh5,870615160,Volvo,850 R,1997,B,700,road,AWD,,Saeenu,Seasonal Road B,"AWD, Stock Engine, No Aero, Stock Rims. Good AWD Grip. Feels nice & easy to drive.",https://docs.google.com/spreadsheets/d/1mIJQIalcnsRUkwReVpmMlcaw17dYZtk-Xejwk_jSFJo/htmlview
fh5,508251235,Hyundai,Veloster N,2019,B,700,road,AWD,,Saeenu,Seasonal Road B,"AWD, Stock Engine, No Aero. Good AWD. Feels nice & easy to drive.",https://docs.google.com/spreadsheets/d/1mIJQIalcnsRUkwReVpmMlcaw17dYZtk-Xejwk_jSFJo/htmlview
fh5,305022682,Hyundai,i30 N,2020,B,700,road,FWD,,Saeenu,B Maxton VFF 512,"FWD, Stock Engine, Maxton Design Bodykit, Vorsteiner VFN 512 Rims, Rally Tires, Purist. Manual & Clutch Recommended. Strong FWD. Feels nice & easy to drive.",https://docs.google.com/spreadsheets/d/1mIJQIalcnsRUkwReVpmMlcaw17dYZtk-Xejwk_jSFJo/htmlview
fh5,106810528,Hyundai,i30 N,2020,B,700,road,FWD,,Saeenu,B Purist Maxton,"FWD, Stock Engine, Maxton Design Bodykit, Stock Rims, Rally Tires, Purist. Manual & Clutch Recommended. Strong FWD. Feels nice & easy to drive.",https://docs.google.com/spreadsheets/d/1mIJQIalcnsRUkwReVpmMlcaw17dYZtk-Xejwk_jSFJo/htmlview
fh5,445790597,Hyundai,Veloster N,2019,B,700,dirt,FWD,,Saeenu,B Purist Dirt MC,"FWD, Stock Engine, No Aero, Stock Rims, Offroad Race Tires, Purist. Manual & Clutch Recommended. Good FWD Dirt. Feels fairly nice & fun to drive. AWD tune also shared, easier to drive but much slower.",https://docs.google.com/spreadsheets/d/1mIJQIalcnsRUkwReVpmMlcaw17dYZtk-Xejwk_jSFJo/htmlview
fh5,111653398,Chevrolet,El Camino Super Sport 454,1970,B,700,road,AWD,,Saeenu,03.5 Estadio B,"AWD, 6.2L Chevrolet LS3 V8, Full Aero, Stock Rims, Whitewall Tires, Very Strong/Near Meta AWD, good acceleration. Feels nice & easy to drive.",https://docs.google.com/spreadsheets/d/1mIJQIalcnsRUkwReVpmMlcaw17dYZtk-Xejwk_jSFJo/htmlview
fh5,108780853,Chevrolet,Corvette Stingray 427,1967,B,700,road,AWD,,Saeenu,Seasonal Road B,"AWD, 6.2L Chevrolet LS3 V8, Full Aero, Whitewall Tires. Strong AWD. Feels fairly nice & fairly easy to drive.",https://docs.google.com/spreadsheets/d/1mIJQIalcnsRUkwReVpmMlcaw17dYZtk-Xejwk_jSFJo/htmlview
fh5,277878570,Volkswagen,Santana,2012,B,700,road,FWD,,Saeenu,LeeChungW Purist,"FWD, Stock Engine, No Aero, Stock Rims, Rally Tires, Purist. Manual & Clutch Recommended. Strong FWD. Feels nice & easy to drive.",https://docs.google.com/spreadsheets/d/1mIJQIalcnsRUkwReVpmMlcaw17dYZtk-Xejwk_jSFJo/htmlview
fh5,568630062,Honda,S2000 CR,2009,B,700,road,AWD,,Saeenu,1:03.5 Estadio B,"AWD, Stock Engine, No Aero, Stock Rims. Very Strong/Near Meta AWD, low drag & solid handling. Feels nice & easy to drive.",https://docs.google.com/spreadsheets/d/1mIJQIalcnsRUkwReVpmMlcaw17dYZtk-Xejwk_jSFJo/htmlview
fh5,171646743,Subaru,BRZ (2013),2013,B,700,road,AWD,,Saeenu,B Road Strong,"AWD, Stock Engine, No Aero, Stock Rims. Very Strong/Near Meta AWD, low drag/good top end. 01:03.6xx Estadio Circuit possible. Feels nice to drive.",https://docs.google.com/spreadsheets/d/1mIJQIalcnsRUkwReVpmMlcaw17dYZtk-Xejwk_jSFJo/htmlview
fh5,528739180,Chevrolet,Nova Super Sport 396,1969,B,700,road,AWD,,Saeenu,1:03.6 Estadio B,"AWD, 6.2L Chevrolet LS3 V8, Full Aero, Whitewall Tires. Very Strong/Near Meta AWD, giga acceleration. Feels decent to drive for whitewalls.",https://docs.google.com/spreadsheets/d/1mIJQIalcnsRUkwReVpmMlcaw17dYZtk-Xejwk_jSFJo/htmlview
fh5,523992067,Ford,Escort RS1600,1973,B,700,road,AWD,,Saeenu,Seasonal Road PR,"AWD, 3.2L BMW i6, Full Aero + Rally Foglights, Stock Rims, Whitewall Tires. Strong AWD.",https://docs.google.com/spreadsheets/d/1mIJQIalcnsRUkwReVpmMlcaw17dYZtk-Xejwk_jSFJo/htmlview
fh5,103986689,Mazda,MX-5 Miata (1994),1994,B,700,road,AWD,,Saeenu,Seasonal Road V2,"AWD, Stock Engine, No Aero, Stock Rims. Strong AWD. Feels nice to drive.",https://docs.google.com/spreadsheets/d/1mIJQIalcnsRUkwReVpmMlcaw17dYZtk-Xejwk_jSFJo/htmlview
fh5,269917778,Nissan,Silvia Spec-R,2000,B,700,road,AWD,,Saeenu,Seasonal Road B,"AWD, Stock Engine, No Aero, Stock Rims. Good AWD. Feels nice to drive.",https://docs.google.com/spreadsheets/d/1mIJQIalcnsRUkwReVpmMlcaw17dYZtk-Xejwk_jSFJo/htmlview
fh5,114258755,Renault,5 Turbo,1980,B,700,road,AWD,,Saeenu,Seasonal Road PR,"AWD, Stock Engine, No Aero, Stock Rims. Strong AWD. Feels nice to drive.",https://docs.google.com/spreadsheets/d/1mIJQIalcnsRUkwReVpmMlcaw17dYZtk-Xejwk_jSFJo/htmlview
fh5,112207041,Nissan,Tsuru,2010,B,700,road,FWD,,Saeenu,Purist Taxicab,"FWD, Stock Engine, Taxi Sign, Stock Rims, Rally Tires, Purist. Manual & Clutch Recommended. Strong FWD, Feels nice to drive. Non-taxi version tune also available.",https://docs.google.com/spreadsheets/d/1mIJQIalcnsRUkwReVpmMlcaw17dYZtk-Xejwk_jSFJo/htmlview
fh5,809417341,Porsche,911 Carrera RS,1973,B,700,road,AWD,,Saeenu,Forzathon Road B,"AWD, Stock Engine, No Aero. Slow but nice to drive.",https://docs.google.com/spreadsheets/d/1mIJQIalcnsRUkwReVpmMlcaw17dYZtk-Xejwk_jSFJo/htmlview
fh5,864696566,Datsun,510,1970,B,700,road,AWD,,Saeenu,Seasonal Street,"AWD, 3.2L BMW i6, Full Aero. Strong AWD.",https://docs.google.com/spreadsheets/d/1mIJQIalcnsRUkwReVpmMlcaw17dYZtk-Xejwk_jSFJo/htmlview
fh5,635247921,International,Scout 800A,1970,B,700,dirt,AWD,,Saeenu,I hate the 700R,"AWD, 6.2L LS3 V8, Full Aero, Stock Rims, Rear Tire Profile Size Upgrade, Offroad Race Tires. Manual & Clutch Recommended. Very Strong Dirt Handling for Rally Adventure, Near Meta. Flex on those Sierra 700R's.",https://docs.google.com/spreadsheets/d/1mIJQIalcnsRUkwReVpmMlcaw17dYZtk-Xejwk_jSFJo/htmlview
fh5,138229239,Renault,Megane R.S.,2018,B,700,road,FWD,,Saeenu,Purist B Road V2,"FWD, Stock Engine, No Aero, Rally Tires, Purist. Manual & Clutch Recommended. Plenty of grip but weak acceleration.",https://docs.google.com/spreadsheets/d/1mIJQIalcnsRUkwReVpmMlcaw17dYZtk-Xejwk_jSFJo/htmlview
fh5,797920014,MINI,John Cooper Works,2009,B,700,road,FWD,,Saeenu,Purist B Road,"FWD, Stock Engine, No Aero, Stock Rims, Rally Tires. Purist. Manual & Clutch Recommended.",https://docs.google.com/spreadsheets/d/1mIJQIalcnsRUkwReVpmMlcaw17dYZtk-Xejwk_jSFJo/htmlview
fh5,170366037,MG,MG3,2015,B,700,road,FWD,,Saeenu,Purist B Road V2,"FWD, Stock Engine, No Aero, Stock Rims, Rally Tires. Purist. Manual & Clutch Recommended.",https://docs.google.com/spreadsheets/d/1mIJQIalcnsRUkwReVpmMlcaw17dYZtk-Xejwk_jSFJo/htmlview
fh5,114496728,Subaru,Impreza WRX STi (2004),2004,B,700,dirt,AWD,,Saeenu,B Dirt Shft 5.3K,"AWD, 2.0L Turbo Rally F4, No Aero/Rally Lights, Offroad Race Tires. Manual & Clutch Recommended, Shift @ 5.3K RPM. Very Strong Dirt, Top #90 Mangrove Scramble.",https://docs.google.com/spreadsheets/d/1mIJQIalcnsRUkwReVpmMlcaw17dYZtk-Xejwk_jSFJo/htmlview
fh5,965173632,Subaru,Impreza WRX STi (2005),2005,B,700,dirt,AWD,,Saeenu,B Dirt Shft 5.3K,"AWD, 2.0L Turbo Rally F4, No Aero/Rally Lights, Offroad Race Tires. Manual & Clutch Recommended, Shift @ 5.3K RPM. Very Strong Dirt, 01:13.677 Mangrove Scramble.",https://docs.google.com/spreadsheets/d/1mIJQIalcnsRUkwReVpmMlcaw17dYZtk-Xejwk_jSFJo/htmlview
fh5,137035959,Renault,5 Turbo,1980,B,700,dirt,AWD,,Saeenu,Seasonal Dirt V2,"AWD, Stock Engine, No Aero, Stock Rims, Offroad Race Tires. Good Dirt, Top #100 Bajio Trail Rivals.",https://docs.google.com/spreadsheets/d/1mIJQIalcnsRUkwReVpmMlcaw17dYZtk-Xejwk_jSFJo/htmlview
fh5,734694414,Honda,Civic RS,1974,B,700,road,FWD,,Saeenu,Purist B Road,"FWD, Stock Engine, No Aero, Stock Rims, Rally Tires, Purist. Manual & Clutch Recommended. Another tune with Work Equip 40 rims available (-1kg).",https://docs.google.com/spreadsheets/d/1mIJQIalcnsRUkwReVpmMlcaw17dYZtk-Xejwk_jSFJo/htmlview
fh5,329327177,Honda,NSX-R (2005),2005,B,700,road,RWD,,Saeenu,Purist B Road V2,"RWD, Stock Engine, No Aero, Work Meister M1 R rims, Purist. Manual & Clutch Recommended. Momentum-biased car, nice to drive.",https://docs.google.com/spreadsheets/d/1mIJQIalcnsRUkwReVpmMlcaw17dYZtk-Xejwk_jSFJo/htmlview
fh5,154002860,Renault,Clio R.S.,2010,B,700,road,FWD,,Saeenu,Purist FWD (M/C),"FWD, Stock Engine, No Aero, Rally Tires, Purist. Manual & Clutch Recommended. Actually quite good pace and nice to drive.",https://docs.google.com/spreadsheets/d/1mIJQIalcnsRUkwReVpmMlcaw17dYZtk-Xejwk_jSFJo/htmlview
fh5,137528970,Renault,Clio R.S. 16 Concept,2016,B,700,road,FWD,,Saeenu,Purist FWD (M/C),"FWD, Stock Engine, No Aero, Rally Tires, Purist. Manual & Clutch Recommended. Good handling, slow accel.",https://docs.google.com/spreadsheets/d/1mIJQIalcnsRUkwReVpmMlcaw17dYZtk-Xejwk_jSFJo/htmlview
fh5,136683871,Renault,Megane R.S. 250,2010,B,700,road,FWD,,Saeenu,Purist FWD (M/C),"FWD, Stock Engine, No Aero, Rally Tires, Purist. Manual & Clutch Recommended.",https://docs.google.com/spreadsheets/d/1mIJQIalcnsRUkwReVpmMlcaw17dYZtk-Xejwk_jSFJo/htmlview
fh5,559387561,Austin-Healey,Sprite MkI,1958,B,700,road,RWD,,Saeenu,Frog Purist V3,"RWD, Stock Engine, No Aero, Stock Rims, Rally Tires. Purist. Manual & Clutch Recommended. Fun to drive, good handling. Stock bumper and no bumper tunes available.",https://docs.google.com/spreadsheets/d/1mIJQIalcnsRUkwReVpmMlcaw17dYZtk-Xejwk_jSFJo/htmlview
fh5,620056012,Morris,Minor 1000,1958,B,700,road,RWD,,Saeenu,Purist RWD (M/C),"RWD, Stock Engine, No Aero, Stock Rims, Rally Tires, Purist. Manual & Clutch Recommended. Great low speed accel but bad top end accel.",https://docs.google.com/spreadsheets/d/1mIJQIalcnsRUkwReVpmMlcaw17dYZtk-Xejwk_jSFJo/htmlview
fh5,638213017,Volkswagen,Golf GTI,1983,B,700,road,FWD,,Saeenu,Purist FWD (M/C),"FWD, Stock Engine, No Aero, Rally Tires, Purist. Manual & Clutch Recommended.",https://docs.google.com/spreadsheets/d/1mIJQIalcnsRUkwReVpmMlcaw17dYZtk-Xejwk_jSFJo/htmlview
fh5,552820006,Oldsmobile,Toronado,1966,B,700,road,FWD,,Saeenu,Purist FWD (M/C),"FWD, Stock Engine, No Aero, Stock Rims, Rally Tires, Purist. Manual & Clutch Recommended. Not bad and surprisingly nice to drive.",https://docs.google.com/spreadsheets/d/1mIJQIalcnsRUkwReVpmMlcaw17dYZtk-Xejwk_jSFJo/htmlview
fh5,383501304,Honda,Civic Type R (2004),2004,B,700,road,FWD,,Saeenu,Mugen + Kami Kit,"FWD, Stock Engine, Mugen + Kaminari + J's Racing Bodykit, Rally Tires, Purist. Manual & Clutch Recommended.",https://docs.google.com/spreadsheets/d/1mIJQIalcnsRUkwReVpmMlcaw17dYZtk-Xejwk_jSFJo/htmlview
fh5,172176583,Acura,RSX Type-S,2002,B,700,road,FWD,,Saeenu,C-West 10.2 (MC),"FWD, Stock Engine, C-West Bodykit, Rally Tires, Purist. Manual & Clutch Recommended. Decent and nice to drive FWD car.",https://docs.google.com/spreadsheets/d/1mIJQIalcnsRUkwReVpmMlcaw17dYZtk-Xejwk_jSFJo/htmlview
fh5,345620454,Ford,Ranger T6 Rally Raid,2014,B,700,cross_country,AWD,,Saeenu,B 700 CC V3,"AWD, 6.2L LS3 V8, Stock Rims, Offroad Tires",https://docs.google.com/spreadsheets/d/1mIJQIalcnsRUkwReVpmMlcaw17dYZtk-Xejwk_jSFJo/htmlview
fh5,100282103,Wuling,Sunshine S,2013,B,700,road,RWD,,Saeenu,Bingqilin Purist,"RWD, Stock Engine, No Aero, Stock Rims, Rally Tires, Purist. Manual & Clutch Recommended. Slow car, just for memes.",https://docs.google.com/spreadsheets/d/1mIJQIalcnsRUkwReVpmMlcaw17dYZtk-Xejwk_jSFJo/htmlview
fh5,112270437,Volkswagen,Scirocco S,1981,B,700,dirt,AWD,,Saeenu,B 700 Dirt Rally,"AWD, 2.0L Turbo Rally F4, Stock Aero, Offroad Race Tires. Shift @ 5K RPM. Manual & Clutch Recommended.",https://docs.google.com/spreadsheets/d/1mIJQIalcnsRUkwReVpmMlcaw17dYZtk-Xejwk_jSFJo/htmlview
fh5,551124895,Ferrari,F355 Berlinetta,1994,A,800,road,AWD,,Saeenu,Estadio 56.9,"AWD, Stock Engine, No Aero, Stock Rims, Rally Tires. Very Strong/Near Meta AWD. Feels nice & fairly easy to drive.",https://docs.google.com/spreadsheets/d/1mIJQIalcnsRUkwReVpmMlcaw17dYZtk-Xejwk_jSFJo/htmlview
fh5,561534306,Lamborghini,Countach LP5000 QV,1988,A,800,road,AWD,,Saeenu,Seasonal Road A,"AWD, Stock Engine, No Aero, Stock Rims, Rally Tires. Very Strong AWD. Feels fairly nice & easy to drive.",https://docs.google.com/spreadsheets/d/1mIJQIalcnsRUkwReVpmMlcaw17dYZtk-Xejwk_jSFJo/htmlview
fh5,165321317,Ford,Escort RS Turbo,1986,A,800,road,AWD,,Saeenu,Seasonal Road A,"AWD, 2.0L Ford i4T, No Aero, Stock Rims, Rally Tires. Feels fairly nice & easy to drive.",https://docs.google.com/spreadsheets/d/1mIJQIalcnsRUkwReVpmMlcaw17dYZtk-Xejwk_jSFJo/htmlview
fh5,390758348,Lamborghini,Gallardo LP570-4 Spyder Performante,2012,A,800,road,AWD,,Saeenu,Purist Road V2,"AWD, Stock Engine, No Aero, Stock Rims, Rally Tires, Purist. Good AWD Grip. Feels fairly nice & easy to drive.",https://docs.google.com/spreadsheets/d/1mIJQIalcnsRUkwReVpmMlcaw17dYZtk-Xejwk_jSFJo/htmlview
fh5,654701844,Mazda,MX-5 Miata (1994),1994,A,800,road,AWD,,Saeenu,Seasonal Road RB,"AWD, 3.2L BMW i6, Rocket Bunny Widebody Kit, Sport Aero (Rocket Bunny Wing), Rally Tires. Strong AWD Grip. Feels fairly nice & easy to drive.",https://docs.google.com/spreadsheets/d/1mIJQIalcnsRUkwReVpmMlcaw17dYZtk-Xejwk_jSFJo/htmlview
fh5,270940110,Ford,Focus RS (2017),2017,A,800,road,AWD,,Saeenu,Purist Road RC,"AWD, Stock Engine w/ Anti-Lag Turbo, No Aero, Stock Rims, Rally Tires, Purist. Manual & Clutch Recommended. Strong AWD. Feels fairly nice & easy to drive.",https://docs.google.com/spreadsheets/d/1mIJQIalcnsRUkwReVpmMlcaw17dYZtk-Xejwk_jSFJo/htmlview
fh5,161847021,Mitsubishi,Lancer Evolution X GSR,2008,A,800,road,AWD,,Saeenu,Varis Purist RC,"AWD, Stock Engine, Varis Bodykit, Work M.C.O Racing Type-CS Rims, Rally Tires, Purist. Manual & Clutch Recommended. Feels nice & easy to drive.",https://docs.google.com/spreadsheets/d/1mIJQIalcnsRUkwReVpmMlcaw17dYZtk-Xejwk_jSFJo/htmlview
fh5,161514137,Mercedes-AMG,SL 63,2021,A,800,dirt,AWD,,Saeenu,Seasonal Dirt A,"AWD, 5.2L Lamborghini V10, Rear Aero, Offroad Race Tires. Feels decent & fairly easy to drive.",https://docs.google.com/spreadsheets/d/1mIJQIalcnsRUkwReVpmMlcaw17dYZtk-Xejwk_jSFJo/htmlview
fh5,685243016,MG,MG7,2022,A,800,road,FWD,,Saeenu,Purist Road M/C,"FWD, Stock Engine w/ Anti-Lag Turbo, No Aero, Vorsteiner VCS 001 Rims, Rally Tires, Purist. Manual & Clutch Recommended. Strong FWD. Feels nice & easy to drive.",https://docs.google.com/spreadsheets/d/1mIJQIalcnsRUkwReVpmMlcaw17dYZtk-Xejwk_jSFJo/htmlview
fh5,174365012,Porsche,906 Carrera 6,1966,A,800,road,AWD,,Saeenu,57.0 Estadio A,"AWD, Stock Engine, No Aero, Stock Rims, Rally Tires. Very Strong/Near Meta AWD. Feels nice & easy to drive.",https://docs.google.com/spreadsheets/d/1mIJQIalcnsRUkwReVpmMlcaw17dYZtk-Xejwk_jSFJo/htmlview
fh5,163030167,Jaguar,C-Type,1953,A,800,road,AWD,,Saeenu,Forzathon Road A,"AWD, 3.2L BMW i6, Full Aero, Stock Rims, Rally Tires. Feels decent to drive.",https://docs.google.com/spreadsheets/d/1mIJQIalcnsRUkwReVpmMlcaw17dYZtk-Xejwk_jSFJo/htmlview
fh5,112969646,Audi,RS 3 Sedan,2020,A,800,road,AWD,,Saeenu,Purist Road 2024,"AWD, Stock Engine, No Aero, Stock Rims, Rally Tires, Purist. Manual & Clutch Recommended. Good AWD. Feels decent-ish to drive.",https://docs.google.com/spreadsheets/d/1mIJQIalcnsRUkwReVpmMlcaw17dYZtk-Xejwk_jSFJo/htmlview
fh5,337395110,Aston Martin,DBR1,1958,A,800,road,AWD,,Saeenu,Seasonal Road A,"AWD, 3.2L BMW i6 w/ Anti-Lag Turbo, Full Aero, Stock Rims, Rally Tires. Strong AWD. Feels decent to drive.",https://docs.google.com/spreadsheets/d/1mIJQIalcnsRUkwReVpmMlcaw17dYZtk-Xejwk_jSFJo/htmlview
fh5,306467569,Volkswagen,Golf R (2014),2014,A,800,road,AWD,,Saeenu,Purist Road A,"AWD, Stock Engine, Rocket Bunny Ducktail Wing, Vorsteiner V-FF 103 Rims, Rally Tires, Purist. Manual & Clutch Recommended. Good AWD. Feels decent-ish to drive.",https://docs.google.com/spreadsheets/d/1mIJQIalcnsRUkwReVpmMlcaw17dYZtk-Xejwk_jSFJo/htmlview
fh5,342791992,Nissan,370Z,2010,A,800,road,AWD,,Saeenu,Seasonal Road V2,"AWD, Stock Engine, No Aero, Stock Rims, Rally Tires. Strong AWD. Feels nice & easy to drive.",https://docs.google.com/spreadsheets/d/1mIJQIalcnsRUkwReVpmMlcaw17dYZtk-Xejwk_jSFJo/htmlview
fh5,687938211,Ford,Mustang GT (2018),2018,A,800,road,AWD,,Saeenu,Seasonal Road V2,"AWD, Stock Engine, No Aero, Stock Rims, Rally Tires. Good AWD. Feels nice to drive.",https://docs.google.com/spreadsheets/d/1mIJQIalcnsRUkwReVpmMlcaw17dYZtk-Xejwk_jSFJo/htmlview
fh5,288327653,Volkswagen,Golf R (2022),2022,A,800,road,AWD,,Saeenu,Purist Road A,"AWD, Stock Engine, No Aero, Stock Rims, Rally Tires, Purist. Manual & Clutch Recommended. Strong AWD. Feels decent to drive.",https://docs.google.com/spreadsheets/d/1mIJQIalcnsRUkwReVpmMlcaw17dYZtk-Xejwk_jSFJo/htmlview
fh5,692120060,Renault,Megane R.S.,2018,A,800,road,FWD,,Saeenu,Purist Antilag A,"FWD, Stock Engine w/ Anti-Lag Turbo, No Aero, Vorsteiner V-FF 103 Rims (looks similar to Trophy-R's rims), Rally Tires, Purist. Manual & Clutch Recommended. Not fast but relatively pleasant to drive for A class FWD.",https://docs.google.com/spreadsheets/d/1mIJQIalcnsRUkwReVpmMlcaw17dYZtk-Xejwk_jSFJo/htmlview
fh5,167786970,Lamborghini,Diablo SV,1997,A,800,road,AWD,,Saeenu,Seasonal Street,"AWD, Stock Engine, No Aero, Rally Tires. Strong AWD.",https://docs.google.com/spreadsheets/d/1mIJQIalcnsRUkwReVpmMlcaw17dYZtk-Xejwk_jSFJo/htmlview
fh5,123089095,Aston Martin,DB11,2017,A,800,road,AWD,,Saeenu,Seasonal Road A,"AWD, Stock Engine, No Aero, Stock Rims, Rally Tires. Feels nice to drive.",https://docs.google.com/spreadsheets/d/1mIJQIalcnsRUkwReVpmMlcaw17dYZtk-Xejwk_jSFJo/htmlview
fh5,102190049,Fiat,124 Sport Spider,1980,A,800,road,AWD,,Saeenu,Seasonal Road A,"AWD, 3.2L BMW i6, Full Aero, Rally Tires. Good AWD.",https://docs.google.com/spreadsheets/d/1mIJQIalcnsRUkwReVpmMlcaw17dYZtk-Xejwk_jSFJo/htmlview
fh5,296555942,Lexus,RC F,2015,A,800,road,AWD,,Saeenu,Seasonal Street,"AWD, Stock Engine, No Aero, Stock Rims, Rally Tires. Feels nice to drive.",https://docs.google.com/spreadsheets/d/1mIJQIalcnsRUkwReVpmMlcaw17dYZtk-Xejwk_jSFJo/htmlview
fh5,146732106,Ford,Shelby GT500 (2013),2013,A,800,road,AWD,,Saeenu,Seasonal Road A,"AWD, Stock Engine, No Aero, Stock Rims, Rally Tires. Good AWD.",https://docs.google.com/spreadsheets/d/1mIJQIalcnsRUkwReVpmMlcaw17dYZtk-Xejwk_jSFJo/htmlview
fh5,742490045,Subaru,BRZ (2013),2013,A,800,road,AWD,,Saeenu,Seasonal Road,"AWD, Stock Engine, Rocket Bunny Widebody Kit, Full Aero, Rally Tires. Strong AWD.",https://docs.google.com/spreadsheets/d/1mIJQIalcnsRUkwReVpmMlcaw17dYZtk-Xejwk_jSFJo/htmlview
fh5,135989339,Toyota,GT86,2013,A,800,road,AWD,,Saeenu,Seasonal Road,"AWD, Stock Engine, Rocket Bunny Widebody Kit, Full Aero, Rally Tires. Strong AWD.",https://docs.google.com/spreadsheets/d/1mIJQIalcnsRUkwReVpmMlcaw17dYZtk-Xejwk_jSFJo/htmlview
fh5,812537971,Honda,S2000 CR,2009,A,800,road,AWD,,Saeenu,Seasonal Road,"AWD, Stock Engine, No Aero, Rally Tires. Strong AWD.",https://docs.google.com/spreadsheets/d/1mIJQIalcnsRUkwReVpmMlcaw17dYZtk-Xejwk_jSFJo/htmlview
fh5,446488022,Honda,S2000,2003,A,800,road,AWD,,Saeenu,Seasonal Road,"AWD, 3.2L BMW i6, Rocket Bunny Widebody Kit, Full Aero, Rally Tires. Strong AWD Grip.",https://docs.google.com/spreadsheets/d/1mIJQIalcnsRUkwReVpmMlcaw17dYZtk-Xejwk_jSFJo/htmlview
fh5,459992924,Nissan,Silvia CLUB K's,1992,A,800,road,AWD,,Saeenu,Seasonal Street2,"AWD, 6.2L LS3 V8, Rocket Bunny Widebody Kit, Full Aero, Rally Tires. Strong AWD.",https://docs.google.com/spreadsheets/d/1mIJQIalcnsRUkwReVpmMlcaw17dYZtk-Xejwk_jSFJo/htmlview
fh5,124760098,Cadillac,ATS-V,2016,A,800,road,AWD,,Saeenu,A Grip Widebody,"AWD, Stock Engine, Widebody Kit, Full Aero, Rally Tires. Good AWD Grip.",https://docs.google.com/spreadsheets/d/1mIJQIalcnsRUkwReVpmMlcaw17dYZtk-Xejwk_jSFJo/htmlview
fh5,117251745,BMW,M4 GTS,2016,A,800,road,AWD,,Saeenu,A Road,"AWD, 6.2L AMG V8, Stock Aero, Stock Rims, Rally Tires",https://docs.google.com/spreadsheets/d/1mIJQIalcnsRUkwReVpmMlcaw17dYZtk-Xejwk_jSFJo/htmlview
fh5,128897545,Chevrolet,Corvette Z06 (2002),2002,A,800,road,AWD,,Saeenu,Seasonal Road,"AWD, Stock Engine, No Aero, Stock Rims, Rally Tires",https://docs.google.com/spreadsheets/d/1mIJQIalcnsRUkwReVpmMlcaw17dYZtk-Xejwk_jSFJo/htmlview
fh5,117782941,MG,MG6 XPower,2021,A,800,road,FWD,,Saeenu,Antilag Update,"FWD, Stock Engine w/ Anti-Lag Turbo, No Aero, Stock Rims, Rally Tires, Purist. Manual & Clutch Recommended. Nice to drive for FWD purist, decent pace. Use 2nd gear launch.",https://docs.google.com/spreadsheets/d/1mIJQIalcnsRUkwReVpmMlcaw17dYZtk-Xejwk_jSFJo/htmlview
fh5,787980020,Honda,Civic Type R (2018),2018,A,800,road,FWD,,Saeenu,Antilag Update,"FWD, Stock Engine w/ Anti-Lag Turbo, No Aero, Stock Rims, Rally Tires, Purist. Manual & Clutch Recommended. Fast but requires decent throttle control around corners. Use 2nd gear launch.",https://docs.google.com/spreadsheets/d/1mIJQIalcnsRUkwReVpmMlcaw17dYZtk-Xejwk_jSFJo/htmlview
fh5,853774304,Ferrari,GTC4Lusso,2017,A,800,road,AWD,,Saeenu,Fat Purist Road,"AWD, Stock Engine, No Aero, Stock Rims, Rally Tires, Purist",https://docs.google.com/spreadsheets/d/1mIJQIalcnsRUkwReVpmMlcaw17dYZtk-Xejwk_jSFJo/htmlview
fh5,931134543,HSV,GEN-F GTS,2014,A,800,road,RWD,,Saeenu,Purist RC,"RWD, Stock Engine, No Aero, Rally Tires, Purist. Manual & Clutch Recommended.",https://docs.google.com/spreadsheets/d/1mIJQIalcnsRUkwReVpmMlcaw17dYZtk-Xejwk_jSFJo/htmlview
fh5,453558160,Cupra,UrbanRebel Concept,2022,A,800,road,AWD,,Saeenu,wilted\_rose,"AWD, Stock Aero, Purist. Drag Tires, Dry Only. Slow meme.",https://docs.google.com/spreadsheets/d/1mIJQIalcnsRUkwReVpmMlcaw17dYZtk-Xejwk_jSFJo/htmlview
fh5,151891238,Toyota,GR Supra,2020,A,800,road,RWD,,Saeenu,Heritage Ed. RWD,"RWD, Stock Engine, GR Heritage Edition Aero, HRE P107 Rims, Rally Tires, Purist. Nice to drive.",https://docs.google.com/spreadsheets/d/1mIJQIalcnsRUkwReVpmMlcaw17dYZtk-Xejwk_jSFJo/htmlview
fh5,590803149,Honda,Civic Type R (2004),2004,A,800,road,FWD,,Saeenu,Kaminari+J's M/C,"FWD, Stock Engine, Kaminari Bodykit, J's Racing Wing, Purist. Manual & Clutch Recommended.",https://docs.google.com/spreadsheets/d/1mIJQIalcnsRUkwReVpmMlcaw17dYZtk-Xejwk_jSFJo/htmlview
fh5,808096278,Acura,RSX Type-S,2002,A,800,road,FWD,,Saeenu,A C-West (M/C),"FWD, Stock Engine, C-West Bodykit, Mugen Wing, Ings Carbon Bonnet, Purist. Manual & Clutch Recommended.",https://docs.google.com/spreadsheets/d/1mIJQIalcnsRUkwReVpmMlcaw17dYZtk-Xejwk_jSFJo/htmlview
fh5,149155346,Cadillac,CTS-V Sedan,2016,A,800,road,RWD,,Saeenu,Purist Dry RWD,"RWD, Stock Engine, No Aero, Drift Tires, Purist, Dry Only. Used to be very slow in older FH games but surprisingly not that bad in FH5.",https://docs.google.com/spreadsheets/d/1mIJQIalcnsRUkwReVpmMlcaw17dYZtk-Xejwk_jSFJo/htmlview
fh5,993736517,BMW,M5 (2012),2012,A,800,road,RWD,,Saeenu,Purist Dry (M/C),"RWD, Stock Engine, No Aero, Drift Tires, Purist, Dry Only. Manual & Clutch Recommended. Nice to drive but slow.",https://docs.google.com/spreadsheets/d/1mIJQIalcnsRUkwReVpmMlcaw17dYZtk-Xejwk_jSFJo/htmlview
fh5,180577597,MINI,Cooper S Forza Edition (MK II),1965,A,800,dirt,AWD,,Saeenu,Garbage Dirt A,"AWD, Electric Motor, No Aero, Offroad Race Tires, Purist. Slow and garbage lol",https://docs.google.com/spreadsheets/d/1mIJQIalcnsRUkwReVpmMlcaw17dYZtk-Xejwk_jSFJo/htmlview
fh5,117765596,Vauxhall,Lotus Carlton,1990,A,800,road,RWD,,Saeenu,Purist RWD Road,"RWD, Stock Engine, No Aero, Stock Rims, Rally Tires, Purist. Manual & Clutch Recommended.",https://docs.google.com/spreadsheets/d/1mIJQIalcnsRUkwReVpmMlcaw17dYZtk-Xejwk_jSFJo/htmlview
fh5,243137299,Land Rover,Defender 110 X,2020,A,800,cross_country,AWD,,Saeenu,Cross Country V2,"AWD, 7.2L Racing V8, No Aero, Stock Rims, Offroad Race Tires. Manual & Clutch Recommended.",https://docs.google.com/spreadsheets/d/1mIJQIalcnsRUkwReVpmMlcaw17dYZtk-Xejwk_jSFJo/htmlview
fh5,160772408,BMW,M4 Coupé,2014,A,800,road,AWD,,Saeenu,ASSIST LAPTORR,"AWD, 4.0L BMW V8, ASSIST LAPTORR style (SFLA body parts + Forza rear wing), OZ HLT rims, Rally Tires. Use Hanage007's livery to complete the look.",https://docs.google.com/spreadsheets/d/1mIJQIalcnsRUkwReVpmMlcaw17dYZtk-Xejwk_jSFJo/htmlview
fh5,842005589,BMW,Z4 Roadster,2019,A,800,road,AWD,,Saeenu,A 800 AC Sch V2,"AWD, 4.0L BMW V8, AC Schnitzer Aero, Stock Rims, Rally Tires",https://docs.google.com/spreadsheets/d/1mIJQIalcnsRUkwReVpmMlcaw17dYZtk-Xejwk_jSFJo/htmlview
fh5,568469313,Pagani,Zonda Cinque Roadster 'Oreo Edition',2009,S1,900,road,AWD,,Saeenu,Poland Tuning,"AWD, Stock Engine, Stock Aero, Rally Tires. Slightly slower than regular Zonda C but still decent. Mostly borrowed tune settings from coach lbn, slightly tweaked tire pressure.",https://docs.google.com/spreadsheets/d/1mIJQIalcnsRUkwReVpmMlcaw17dYZtk-Xejwk_jSFJo/htmlview
fh5,499203016,Nissan,GT-R NISMO (R35),2020,S1,900,road,AWD,,Saeenu,Purist,"AWD, Stock Engine, No Aero, Stock Rims, Purist. Decent to drive but slow just like every other R35 GT-R...",https://docs.google.com/spreadsheets/d/1mIJQIalcnsRUkwReVpmMlcaw17dYZtk-Xejwk_jSFJo/htmlview
fh5,463394050,Noble,M600,2010,S1,900,road,RWD,,Saeenu,Adam Noble V3,"RWD, Stock Engine, No Aero, Stock Rims, Rally Tires, Purist. Manual & Clutch Recommended. Quite quick and very nice to drive",https://docs.google.com/spreadsheets/d/1mIJQIalcnsRUkwReVpmMlcaw17dYZtk-Xejwk_jSFJo/htmlview
fh5,155893404,KTM,X-Bow GT4,2018,S1,900,road,AWD,,Saeenu,S1 Circuits Dry,"AWD, 3.0L Racing V8, Stock Aero, Race Slicks, Dry Only",https://docs.google.com/spreadsheets/d/1mIJQIalcnsRUkwReVpmMlcaw17dYZtk-Xejwk_jSFJo/htmlview
fh5,122310695,Italdesign,Zerouno,2018,S1,900,road,AWD,,Saeenu,S1 900 Purist,"AWD, Stock Engine, Stock Aero, Stock Rims. Purist.",https://docs.google.com/spreadsheets/d/1mIJQIalcnsRUkwReVpmMlcaw17dYZtk-Xejwk_jSFJo/htmlview
fh5,210290550,Ford,GT 'OPI Edition',2017,S2,998,road,AWD,,Saeenu,Waste of Money,"AWD, Stock Engine, Full Aero, Race Slicks. Dry Only. Slow car tbh, just a tune for funny exclusive car",https://docs.google.com/spreadsheets/d/1mIJQIalcnsRUkwReVpmMlcaw17dYZtk-Xejwk_jSFJo/htmlview
fh5,180798802,Bugatti,Veyron Super Sport,2011,S2,998,road,AWD,,Saeenu,Seasonal Road,"AWD, Stock Engine, Full Aero, Race Slicks, Dry Only. Slow but decent to drive.",https://docs.google.com/spreadsheets/d/1mIJQIalcnsRUkwReVpmMlcaw17dYZtk-Xejwk_jSFJo/htmlview
fh5,151196983,Volvo,850 R,1997,C,600,dirt,FWD,,Saeenu,C Dirt Purist MC,"FWD, Stock Engine, No Aero, Drag Tires, Dry Only, Purist. Manual & Clutch Recommended, Shift @ 6.9K RPM. Feels fairly nice & fairly easy to drive. AWD tune also available, but slower.",https://docs.google.com/spreadsheets/d/1mIJQIalcnsRUkwReVpmMlcaw17dYZtk-Xejwk_jSFJo/htmlview
fh5,585014238,Toyota,MR2 SC,1989,C,600,road,AWD,,Saeenu,Seasonal Road PR,"AWD, Stock Engine, Rear Aero, Stock Rims. Good AWD.",https://docs.google.com/spreadsheets/d/1mIJQIalcnsRUkwReVpmMlcaw17dYZtk-Xejwk_jSFJo/htmlview
fh5,178442600,Chevrolet,El Camino Super Sport 454,1970,C,600,road,AWD,,Saeenu,Seasonal Road V2,"AWD, 6.2L Chevrolet LS3 V8, Full Aero, Stock Rims. Very Strong AWD, Top #11 Aerodromo Sprint.",https://docs.google.com/spreadsheets/d/1mIJQIalcnsRUkwReVpmMlcaw17dYZtk-Xejwk_jSFJo/htmlview
fh5,301203175,Ford,Bronco (1975),1975,C,600,cross_country,AWD,,Saeenu,Mangrove 1:18.3,"AWD, 6.2L Chevrolet LS3 V8, Rear Aero + Bullbar & Foglights, Stock Rims, Rear Tire Profile Size Upgrade, Offroad Tires. Manual & Clutch Recommended. Very Strong Dirt/CC, Near Meta, Top #7 Mangrove Scramble.",https://docs.google.com/spreadsheets/d/1mIJQIalcnsRUkwReVpmMlcaw17dYZtk-Xejwk_jSFJo/htmlview
fh5,116227115,Chevrolet,Silverado LT Trail Boss,2020,C,600,cross_country,AWD,,Saeenu,Seasonal Dirt CC,"AWD, 6.2L Chevrolet LS3 V8, Overlanding Tent, Stock Rims, Rear Tire Profile Size Upgrade, Offroad Race Tires. Manual & Clutch Recommended. Strong Dirt/CC, Top #11 Mangrove Scramble. Feels nice & easy to drive.",https://docs.google.com/spreadsheets/d/1mIJQIalcnsRUkwReVpmMlcaw17dYZtk-Xejwk_jSFJo/htmlview
fh5,144569174,Chevrolet,Camaro Z28 (1979),1979,C,600,road,AWD,,Saeenu,Szonal Dirt PGG,"AWD, Stock Engine, Full Aero, Stock Rims, Offroad Race Tires. Good Dirt Handling. Feels nice & easy to drive.",https://docs.google.com/spreadsheets/d/1mIJQIalcnsRUkwReVpmMlcaw17dYZtk-Xejwk_jSFJo/htmlview
fh5,124435029,Pontiac,Firebird Trans Am (1977),1977,C,600,road,AWD,,Saeenu,Szonal Dirt PGG,"AWD, Stock Engine, Full Aero, Stock Rims, Offroad Race Tires. Dirt Handling. Feels nice & easy to drive.",https://docs.google.com/spreadsheets/d/1mIJQIalcnsRUkwReVpmMlcaw17dYZtk-Xejwk_jSFJo/htmlview
fh5,779120783,Nissan,240SX SE,1993,C,600,road,RWD,,Saeenu,Sesonal Road RWD,"RWD, 3.2L BMW i6, No Aero. Manual & Clutch Recommended. Strong RWD.",https://docs.google.com/spreadsheets/d/1mIJQIalcnsRUkwReVpmMlcaw17dYZtk-Xejwk_jSFJo/htmlview
fh5,143649127,Alpine,A110 1600s,1973,C,600,road,AWD,,Saeenu,Seasonal Road C,"AWD, Stock Engine, Full Aero, Stock Rims. Strong AWD Grip, Feels nice to drive.",https://docs.google.com/spreadsheets/d/1mIJQIalcnsRUkwReVpmMlcaw17dYZtk-Xejwk_jSFJo/htmlview
fh5,969750706,Ford,F-100,1965,C,600,road,AWD,,Saeenu,Seasonal Road,"AWD, Stock Engine, Full Aero, Stock Rims. Strong AWD Grip.",https://docs.google.com/spreadsheets/d/1mIJQIalcnsRUkwReVpmMlcaw17dYZtk-Xejwk_jSFJo/htmlview
fh5,157240041,Chevrolet,Bel Air,1957,C,600,road,AWD,,Saeenu,Seasonal Road,"AWD, Stock Engine, Full Aero, Stock Rims. Good AWD.",https://docs.google.com/spreadsheets/d/1mIJQIalcnsRUkwReVpmMlcaw17dYZtk-Xejwk_jSFJo/htmlview
fh5,151284124,International,Scout 800A,1970,C,600,cross_country,AWD,,Saeenu,Mangrove 1:17.9,"AWD, 6.2L LS3 V8, Rear Aero, Stock Rims, Rear Tire Profile Size Upgrade, Offroad Tires. Manual & Clutch Recommended. CC/Dirt Meta, Top #5 Mangrove Scramble, Top #4 Teotihuacan Scramble.",https://docs.google.com/spreadsheets/d/1mIJQIalcnsRUkwReVpmMlcaw17dYZtk-Xejwk_jSFJo/htmlview
fh5,168242892,Ford,Racing Puma,1999,C,600,dirt,FWD,,Saeenu,Purist C Dirt,"FWD, Stock Engine, Ford Sport Rear Aero, Stock Rims, Offroad Race Tires, Purist. Very Strong FWD Dirt Grip, Top #11 Bajio Trail.",https://docs.google.com/spreadsheets/d/1mIJQIalcnsRUkwReVpmMlcaw17dYZtk-Xejwk_jSFJo/htmlview
fh5,689115570,Renault,5 Turbo,1980,C,600,dirt,AWD,,Saeenu,Seasonal Dirt V2,"AWD, Stock Engine, Full Aero, Offroad Race Tires, Purist. Strong Dirt Grip, Very Easy to Drive.",https://docs.google.com/spreadsheets/d/1mIJQIalcnsRUkwReVpmMlcaw17dYZtk-Xejwk_jSFJo/htmlview
fh5,161815694,Honda,Civic RS,1974,C,600,dirt,AWD,,Saeenu,Seasonal Dirt V2,"AWD, Stock Engine, Widebody Kit, Full Aero, Offroad Race Tires. Strong Dirt Handling.",https://docs.google.com/spreadsheets/d/1mIJQIalcnsRUkwReVpmMlcaw17dYZtk-Xejwk_jSFJo/htmlview
fh5,131961429,Alpine,A110 1600s,1973,C,600,dirt,AWD,,Saeenu,Seasonal Trial C,"AWD, Stock Engine, Full Aero, Stock Rims, Offroad Race Tires. Strong Dirt Handling, Top #25 El Pipila Scramble.",https://docs.google.com/spreadsheets/d/1mIJQIalcnsRUkwReVpmMlcaw17dYZtk-Xejwk_jSFJo/htmlview
fh5,171611896,Alpine,A110 1600s,1973,C,600,dirt,RWD,,Saeenu,Seasonal Dirt C,"RWD, Stock Engine, Alpine Sport Bodykit, Stock Rims, Offroad Race Tires, Purist. Very Strong RWD Dirt Handling, top #10 Montana Trail (03:30.399).",https://docs.google.com/spreadsheets/d/1mIJQIalcnsRUkwReVpmMlcaw17dYZtk-Xejwk_jSFJo/htmlview
fh5,298196101,Subaru,Legacy RS,1990,C,600,dirt,AWD,,Saeenu,Seasonal Dirt V2,"AWD, 2.0L Turbo Rally F4, No Aero, Stock Rims. Manual & Clutch Recommended, Shift @ 5.3K RPM. Strong for Dirt Sprints, top #40 Tapalpa Rivals.",https://docs.google.com/spreadsheets/d/1mIJQIalcnsRUkwReVpmMlcaw17dYZtk-Xejwk_jSFJo/htmlview
fh5,929132674,Honda,Civic Type R (2007),2007,C,600,road,FWD,,Saeenu,Seasonal Road MC,"FWD, Stock Engine, No Aero, Stock Rims, Purist. Manual & Clutch Recommended.",https://docs.google.com/spreadsheets/d/1mIJQIalcnsRUkwReVpmMlcaw17dYZtk-Xejwk_jSFJo/htmlview
fh5,133583984,Mazda,MX-5 Miata (1994),1994,C,600,road,AWD,,Saeenu,Seasonal Road C,"AWD, Stock Engine, Rocket Bunny Widebody Kit, Full Aero. Strong AWD.",https://docs.google.com/spreadsheets/d/1mIJQIalcnsRUkwReVpmMlcaw17dYZtk-Xejwk_jSFJo/htmlview
fh5,174755490,Pontiac,Firebird Trans Am GTA,1987,D,500,road,AWD,,Saeenu,Seasonal Road PR,"AWD, Stock Engine, Rear Aero (Ducktail Wing). Feels nice & easy to drive.",https://docs.google.com/spreadsheets/d/1mIJQIalcnsRUkwReVpmMlcaw17dYZtk-Xejwk_jSFJo/htmlview
fh5,129759029,Fiat,124 Sport Spider,1980,D,500,road,AWD,,Saeenu,Seasonal Road PR,"AWD, Stock Engine, Full Aero, Stock Rims. Good AWD.",https://docs.google.com/spreadsheets/d/1mIJQIalcnsRUkwReVpmMlcaw17dYZtk-Xejwk_jSFJo/htmlview
fh5,122480297,Abarth,595 esseesse,1968,D,500,road,AWD,,Saeenu,Seasonal Street,"AWD, Stock Engine, No Aero + No Bumpers, Stock Rims (large rear rim size). Strong AWD, Top #21 Wetland Charge.",https://docs.google.com/spreadsheets/d/1mIJQIalcnsRUkwReVpmMlcaw17dYZtk-Xejwk_jSFJo/htmlview
fh5,445822361,Austin-Healey,Sprite MkI,1958,D,500,road,AWD,,Saeenu,Seasonal Street,"AWD, Stock Engine, Full Aero. Strong AWD.",https://docs.google.com/spreadsheets/d/1mIJQIalcnsRUkwReVpmMlcaw17dYZtk-Xejwk_jSFJo/htmlview
fh5,932255200,Lotus,Elan Sprint,1971,D,500,road,AWD,,Saeenu,Seasonal Street,"AWD, Stock Engine, Full Aero, Stock Rims. Strong AWD Grip.",https://docs.google.com/spreadsheets/d/1mIJQIalcnsRUkwReVpmMlcaw17dYZtk-Xejwk_jSFJo/htmlview
fh5,208737515,MINI,Cooper S,1965,D,500,road,AWD,,Saeenu,Seasonal Trial D,"AWD, Stock Engine, Widebody Kit, Full Aero. Strong AWD Handling.",https://docs.google.com/spreadsheets/d/1mIJQIalcnsRUkwReVpmMlcaw17dYZtk-Xejwk_jSFJo/htmlview
fh5,145773921,Datsun,510,1970,D,500,road,AWD,,Saeenu,Seasonal Road,"AWD, 2.0L VTEC i4, Full Aero",https://docs.google.com/spreadsheets/d/1mIJQIalcnsRUkwReVpmMlcaw17dYZtk-Xejwk_jSFJo/htmlview
